make,model_family,body,model_year,vin,auction_house,sale_name,auction_date,status,price_native,currency,price_usd,price_basis,high_bid_usd,mileage_miles,listing_url,notes
Ferrari,458,spider,2013,ZFF68NHA4D0194522,Bring a Trailer,Bring a Trailer,2026-09-05,sold,500000,USD,500000,sold,,,https://bringatrailer.com/listing/2013-ferrari-458-spider-67/,rounded mileage in title: 7k-Mile
Ferrari,F8,spider,2022,ZFF93LMA7N0277210,Bring a Trailer,Bring a Trailer,2026-09-04,sold,640000,USD,640000,sold,,342,https://bringatrailer.com/listing/2022-ferrari-f8-spider-29/,
Ferrari,488,spider,2019,ZFF80AMAXK0241922,Bring a Trailer,Bring a Trailer,2026-09-04,sold,428000,USD,428000,sold,,667,https://bringatrailer.com/listing/2019-ferrari-488-spider-27/,
Lamborghini,Performante,coupe,2018,ZHWUD4ZFXJLA09965,Cars & Bids,Cars & Bids,2026-09-03,sold,373000,USD,373000,sold,,,https://carsandbids.com/auctions/35Ew0gol/2018-lamborghini-huracan-performante-coupe,rounded mileage displayed: 3k mi
Ferrari,488,spider,2017,ZFF80AMA6H0220090,Bring a Trailer,Bring a Trailer,2026-09-03,sold,414000,USD,414000,sold,,,https://bringatrailer.com/listing/2017-ferrari-488-spider-41/,rounded mileage in title: 5k-Mile
Ferrari,488,spider,2018,ZFF80AMAXJ0231504,Bring a Trailer,Bring a Trailer,2026-09-01,sold,455000,USD,455000,sold,,,https://bringatrailer.com/listing/2018-ferrari-488-spider-57/,rounded mileage displayed: 4k mi
Ferrari,488,spider,2017,ZFF80AMA0H0226466,Bring a Trailer,Bring a Trailer,2026-09-01,unsold,376488,USD,,high_bid,376488,,https://bringatrailer.com/listing/2017-ferrari-488-spider-40/,
Ferrari,488,spider,2018,ZFF80AMAXJ0231504,Bring a Trailer,Bring a Trailer,2026-08-31,sold,455000,USD,455000,sold,,,https://bringatrailer.com/listing/2018-ferrari-488-spider-57/,rounded mileage in title: 4k-Mile
Ford,GT,coupe,2005,1FAFP90S95Y401895,Bring a Trailer,Bring a Trailer,2026-08-29,sold,690000,USD,690000,sold,,2100,https://bringatrailer.com/listing/2005-ford-gt-242/,
Ferrari,458,spider,2013,ZFF68NHA9D0190692,Bring a Trailer,Bring a Trailer,2026-08-29,sold,425000,USD,425000,sold,,,https://bringatrailer.com/listing/2013-ferrari-458-spider-66/,rounded mileage in title: 7k-Mile
Ferrari,488,spider,2016,ZFF80AMA0G0219421,Bring a Trailer,Bring a Trailer,2026-08-28,sold,377000,USD,377000,sold,,3100,https://bringatrailer.com/listing/2016-ferrari-488-spider-13/,
Ferrari,458,spider,2013,ZFF68NHA4D0190518,PCARMARKET,PCARMARKET via Classic.com,2026-08-28,unsold,,USD,,high_bid,,,https://www.classic.com/veh/2013-ferrari-458-spider-zff68nha4d0190518-4Avqzzn/,unsold; high bid not shown; rounded mileage displayed: 31k mi
Ferrari,458,spider,2013,ZFF68NHA4D0194519,Bring a Trailer,Bring a Trailer,2026-08-28,sold,400058,USD,400058,sold,,,https://bringatrailer.com/listing/2013-ferrari-458-spider-69/,
Lamborghini,Performante,spider,2018,ZHWCS4ZF5JLA11205,Bring a Trailer,Bring a Trailer,2026-08-26,sold,329000,USD,329000,sold,,,https://bringatrailer.com/listing/2018-lamborghini-huracan-lp640-4-performante-spyder-3/,rounded mileage displayed: 11k mi
Ford,GT,coupe,2005,1FAFP90S55Y400582,Bring a Trailer,Bring a Trailer,2026-08-26,sold,685000,USD,685000,sold,,4500,https://bringatrailer.com/listing/2005-ford-gt-238/,
Ferrari,488,spider,2019,ZFF80AMA8K0244298,Bring a Trailer,Bring a Trailer,2026-08-26,sold,405000,USD,405000,sold,,,https://bringatrailer.com/listing/2019-ferrari-488-spider-25/,rounded mileage in title: 7k-Mile
Ferrari,488,spider,2016,ZFF80AMAXG0218941,Bring a Trailer,Bring a Trailer,2026-08-25,sold,352001,USD,352001,sold,,,https://bringatrailer.com/listing/2016-ferrari-488-spider-12/,
Ferrari,458,spider,2012,ZFF68NHA4D0190468,Bring a Trailer,Bring a Trailer,2026-08-25,sold,490000,USD,490000,sold,,4400,https://bringatrailer.com/listing/2012-ferrari-458-spider-21/,
Ford,GT,coupe,2005,1FAFP90S35Y400970,Bring a Trailer,Bring a Trailer,2026-08-24,sold,715000,USD,715000,sold,,,https://bringatrailer.com/listing/2005-ford-gt-239/,rounded mileage in title: 8k-Mile
Ferrari,488,spider,2018,ZFF80AMA1J0232833,Bring a Trailer,Bring a Trailer,2026-08-23,unsold,425034,USD,,high_bid,425034,986,https://bringatrailer.com/listing/2018-ferrari-488-spider-54/,
Ferrari,F8,coupe,2020,ZFF92LLA5L0255384,Bring a Trailer,Bring a Trailer,2026-08-21,sold,455000,USD,455000,sold,,917,https://bringatrailer.com/listing/2020-ferrari-f8-tributo-18/,
Ferrari,488,spider,2016,ZFF80AMAXG0218471,Bring a Trailer,Bring a Trailer,2026-08-21,sold,383000,USD,383000,sold,,4600,https://bringatrailer.com/listing/2016-ferrari-488-spider-11/,
Ferrari,458,coupe,2012,ZFF67NFA0C0188835,Bring a Trailer,Bring a Trailer,2026-08-21,unsold,350000,USD,,high_bid,350000,,https://bringatrailer.com/listing/2012-ferrari-458-italia-27/,rounded mileage in title: 9k-Mile
Ferrari,458,coupe,2015,ZFF67NFA3F0206684,Bring a Trailer,Bring a Trailer,2026-08-19,sold,501000,USD,501000,sold,,1800,https://bringatrailer.com/listing/2015-ferrari-458-italia-18/,
Ferrari,488,spider,2017,ZFF80AMA6H0225631,Bring a Trailer,Bring a Trailer,2026-08-17,unsold,360000,USD,,high_bid,360000,,https://bringatrailer.com/listing/2017-ferrari-488-spider-36/,rounded mileage in title: 15k-Mile
McLaren,765LT,spider,2022,SBM14SCA4NW765748,RM Sotheby's,RM Sotheby's via Classic.com,2026-08-15,sold,775000,USD,775000,sold,,,https://www.classic.com/veh/2022-mclaren-765lt-spider-sbm14sca4nw765748-pzm18bW/,unparsed mileage 'TMU'
Ford,GT,coupe,2006,1FAFP90S86Y400464,Bring a Trailer,Bring a Trailer,2026-08-15,sold,600000,USD,600000,sold,,,https://bringatrailer.com/listing/2006-ford-gt-220/,
Ferrari,F8,coupe,2022,ZFF92LLA4N0280280,Mecum,Mecum via Classic.com,2026-08-15,sold,616000,USD,616000,sold,,,https://www.classic.com/veh/2022-ferrari-f8-tributo-zff92lla4n0280280-45GVXdW/,rounded mileage displayed: 3k mi
Ferrari,458,coupe,2015,ZFF75VFA6F0210948,RM Sotheby's,RM Sotheby's via Classic.com,2026-08-15,sold,1490000,USD,1490000,sold,,,https://www.classic.com/veh/2015-ferrari-458-speciale-zff75vfa6f0210948-pJQAJXW/,rounded mileage displayed: 1k mi
Ferrari,458,coupe,2015,ZFF75VFA1F0210226,Mecum,Mecum via Classic.com,2026-08-15,sold,1210000,USD,1210000,sold,,,https://www.classic.com/veh/2015-ferrari-458-speciale-zff75vfa1f0210226-WjbRybW/,rounded mileage displayed: 6k mi
Ferrari,458,spider,2013,ZFF68NHA6D0195963,Mecum,Mecum via Classic.com,2026-08-15,sold,671000,USD,671000,sold,,,https://www.classic.com/veh/2013-ferrari-458-spider-zff68nha6d0195963-WbGx6Dp/,rounded mileage displayed: 1k mi
Ford,GT,coupe,2006,1FAFP90S26Y401190,Mecum,Mecum via Classic.com,2026-08-14,sold,880000,USD,880000,sold,,479,https://www.classic.com/veh/2006-ford-gt-1fafp90s26y401190-pJqMZ7W/,
Ford,GT,coupe,2005,1FAFP90S65Y401062,Broad Arrow,Broad Arrow via Classic.com,2026-08-14,sold,615500,USD,615500,sold,,,https://www.classic.com/veh/2005-ford-gt-1fafp90s65y401062-pdV7Kon/,rounded mileage displayed: 3k mi
Ferrari,488,spider,2018,ZFF80AMA3J0235037,Bring a Trailer,Bring a Trailer,2026-08-14,unsold,441000,USD,,high_bid,441000,4700,https://bringatrailer.com/listing/2018-ferrari-488-spider-53/,
Ferrari,458,spider,2015,ZFF68NHA7F0203796,Mecum,Mecum via Classic.com,2026-08-14,sold,434500,USD,434500,sold,,,https://www.classic.com/veh/2015-ferrari-458-spider-zff68nha7f0203796-4ymy6a4/,rounded mileage displayed: 21k mi
Ferrari,458,coupe,2015,ZFF75VFAXF0210225,Gooding & Company,Gooding & Company via Classic.com,2026-08-14,sold,1022500,USD,1022500,sold,,,https://www.classic.com/veh/2015-ferrari-458-speciale-zff75vfaxf0210225-n8MQgYW/,rounded mileage displayed: 2k mi
Ferrari,458,coupe,2011,ZFF67NFA7B0176535,Mecum,Mecum via Classic.com,2026-08-14,sold,302500,USD,302500,sold,,,https://www.classic.com/veh/2011-ferrari-458-italia-molded-liberty-walk-wide-b-4aLeylp/,rounded mileage displayed: 21k mi
Ferrari,458,coupe,2010,ZFF67NFA4A0174854,Mecum,Mecum via Classic.com,2026-08-14,sold,225500,USD,225500,sold,,,https://www.classic.com/veh/2010-ferrari-458-italia-zff67nfa4a0174854-peLMwMW/,rounded mileage displayed: 2k mi
Ferrari,458,coupe,2011,ZFF67NFA3B0177262,Bring a Trailer,Bring a Trailer,2026-08-14,unsold,366500,USD,,high_bid,366500,,https://bringatrailer.com/listing/2011-ferrari-458-italia-57/,rounded mileage in title: 9k-Mile
Ferrari,458,coupe,2011,ZFF67NFA6B0176283,Bring a Trailer,Bring a Trailer,2026-08-12,sold,290000,USD,290000,sold,,,https://bringatrailer.com/listing/2011-ferrari-458-italia-55/,
Ferrari,488,spider,2017,ZFF80AMA9H0226322,Bring a Trailer,Bring a Trailer,2026-08-11,unsold,547500,USD,,high_bid,547500,3800,https://bringatrailer.com/listing/2017-ferrari-488-spider-39/,
Ferrari,458,spider,2012,,Collecting Cars,Collecting Cars via Classic.com,2026-08-11,sold,170000,EUR,,sold,,,https://www.classic.com/veh/2012-ferrari-458-spider-zff68nhb00189139-peLXGlW/,native EUR 170000; price_usd blank (no FX invented); rounded mileage displayed: 33k km (21k mi) TMU
Ford,GT,coupe,2006,1FAFP90S36Y402042,Bring a Trailer,Bring a Trailer,2026-08-10,sold,480000,USD,480000,sold,,,https://bringatrailer.com/listing/2006-ford-gt-219/,rounded mileage in title: 24k-Mile
Ferrari,488,coupe,2017,ZFF79ALA7H0224801,Bring a Trailer,Bring a Trailer,2026-08-10,sold,325000,USD,325000,sold,,,https://bringatrailer.com/listing/2017-ferrari-488-gtb-41/,rounded mileage in title: 7k-Mile
Ferrari,458,coupe,2010,ZFF67NHC000174353,Collecting Cars,Collecting Cars via Classic.com,2026-08-10,sold,116500,GBP,,sold,,,https://www.classic.com/veh/2010-ferrari-458-italia-zff67nhc000174353-pJqZ1GW/,native GBP 116500; price_usd blank (no FX invented); rounded mileage displayed: 32k mi
Ferrari,488,spider,2019,ZFF80AMA4K0238188,Bring a Trailer,Bring a Trailer,2026-08-06,unsold,305000,USD,,high_bid,305000,,https://bringatrailer.com/listing/2019-ferrari-488-spider-23/,
Lamborghini,Performante,coupe,2018,ZHWED4ZF5JLA08906,Collecting Cars,Collecting Cars via Classic.com,2026-08-05,sold,215000,EUR,,sold,,,https://www.classic.com/veh/2018-lamborghini-huracan-lp640-4-performante-zhwed-pE7V3wn/,native EUR 215000; price_usd blank (no FX invented); rounded mileage displayed: 11k km (6k mi)
Ferrari,458,coupe,2015,ZFF67NFA4F0210209,Bring a Trailer,Bring a Trailer,2026-08-05,sold,470000,USD,470000,sold,,1200,https://bringatrailer.com/listing/2015-ferrari-458-italia-17/,
Ferrari,458,coupe,2010,ZFF67NFA6A0175522,Bring a Trailer,Bring a Trailer,2026-08-05,sold,235786,USD,235786,sold,,,https://bringatrailer.com/listing/2010-ferrari-458-italia-41/,
Ford,GT,coupe,2006,1FAFP90S06Y401706,Bring a Trailer,Bring a Trailer,2026-08-04,sold,2101000,USD,2101000,sold,,8,https://bringatrailer.com/listing/2006-ford-gt-heritage-edition-48/,
Ferrari,488,coupe,2017,ZFF79AMT2H0221644,Collecting Cars,Collecting Cars via Classic.com,2026-07-30,sold,102500,USD,102500,sold,,,https://www.classic.com/veh/2017-ferrari-488-gtb-zff79amt2h0221644-4awBwMW/,rounded mileage displayed: 72k km (45k mi)
Ferrari,488,coupe,2017,ZFF79AMB000231048,Collecting Cars,Collecting Cars via Classic.com,2026-07-30,sold,173000,EUR,,sold,,,https://www.classic.com/veh/2017-ferrari-488-gtb-zff79amb000231048-WYwyDk4/,native EUR 173000; price_usd blank (no FX invented); rounded mileage displayed: 52k km (32k mi)
Ferrari,488,spider,2017,ZFF80AMAXH0223672,Bring a Trailer,Bring a Trailer,2026-07-30,sold,455000,USD,455000,sold,,,https://bringatrailer.com/listing/2017-ferrari-488-spider-37/,rounded mileage in title: 6k-Mile
Ferrari,458,coupe,2015,ZFF75VFA6F0208875,Bring a Trailer,Bring a Trailer,2026-07-29,sold,920000,USD,920000,sold,,,https://bringatrailer.com/listing/2015-ferrari-458-speciale-37/,
Ferrari,458,spider,2013,ZFF68NHA3D0193734,Bring a Trailer,Bring a Trailer,2026-07-29,sold,397000,USD,397000,sold,,,https://bringatrailer.com/listing/2013-ferrari-458-spider-64/,rounded mileage in title: 11k-Mile
Ferrari,458,coupe,2010,ZFF67NFA1A0174374,Bring a Trailer,Bring a Trailer,2026-07-28,sold,285919,USD,285919,sold,,,https://bringatrailer.com/listing/2010-ferrari-458-italia-40/,
Ford,GT,coupe,2006,1FAFP90S56Y400101,GAA Classic Cars,GAA Classic Cars via Classic.com,2026-07-25,sold,660000,USD,660000,sold,,18,https://www.classic.com/veh/2006-ford-gt-1fafp90s56y400101-pdXDKOp/,
Lamborghini,STO,coupe,2022,ZHWUA6ZX0NLA20265,Cars & Bids,Cars & Bids via Classic.com,2026-07-23,sold,485000,USD,485000,sold,,954,https://www.classic.com/veh/2022-lamborghini-huracan-zhwua6zx0nla20265-4ZOKkqn/,
Ferrari,488,spider,2018,ZFF80AMAXJ0233396,Bring a Trailer,Bring a Trailer,2026-07-23,sold,475000,USD,475000,sold,,,https://bringatrailer.com/listing/2018-ferrari-488-spider-48/,rounded mileage in title: 6k-Mile
Ford,GT,coupe,2006,1FAFP90SX6Y401048,Bring a Trailer,Bring a Trailer,2026-07-22,sold,735000,USD,735000,sold,,2200,https://bringatrailer.com/listing/2006-ford-gt-216/,
Ferrari,488,spider,2017,ZFF80AMB000228540,Collecting Cars,Collecting Cars via Classic.com,2026-07-22,sold,195000,EUR,,sold,,,https://www.classic.com/veh/2017-ferrari-488-spider-zff80amb000228540-4DBm3xW/,native EUR 195000; price_usd blank (no FX invented); rounded mileage displayed: 35k km (22k mi) TMU
Ferrari,488,coupe,2019,ZFF79ALA9K0246273,Bring a Trailer,Bring a Trailer,2026-07-22,unsold,326000,USD,,high_bid,326000,,https://bringatrailer.com/listing/2019-ferrari-488-gtb-6/,rounded mileage in title: 6k-Mile
Ford,GT,coupe,2005,1FAFP90SX5Y401632,Collecting Cars,Collecting Cars via Classic.com,2026-07-21,sold,322500,GBP,,sold,,,https://www.classic.com/veh/2005-ford-gt-1fafp90sx5y401632-4oDP2Ln/,native GBP 322500; price_usd blank (no FX invented); rounded mileage displayed: 10k mi
Ferrari,458,coupe,2014,ZFF67NFA2E0203273,Bring a Trailer,Bring a Trailer,2026-07-21,sold,450000,USD,450000,sold,,4300,https://bringatrailer.com/listing/2014-ferrari-458-italia-14/,
Ferrari,488,spider,2016,ZFF80AMB000216344,Collecting Cars,Collecting Cars via Classic.com,2026-07-17,sold,176000,EUR,,sold,,,https://www.classic.com/veh/2016-ferrari-488-spider-zff80amb000216344-nBkjBEW/,native EUR 176000; price_usd blank (no FX invented); rounded mileage displayed: 30k km (19k mi)
Ferrari,F8,spider,2022,ZFF93LMA1N0276540,Bring a Trailer,Bring a Trailer,2026-07-15,sold,642500,USD,642500,sold,,330,https://bringatrailer.com/listing/2022-ferrari-f8-spider-28/,
Ferrari,F8,coupe,2021,ZFF92LMC000263838,Collecting Cars,Collecting Cars via Classic.com,2026-07-14,sold,385500,USD,385500,sold,,,https://www.classic.com/veh/2021-ferrari-f8-tributo-zff92lmc000263838-pe63yX4/,rounded mileage displayed: 7k km (4k mi)
Ferrari,458,spider,2012,ZFF68NHA0C0188733,Bring a Trailer,Bring a Trailer,2026-07-14,sold,310000,USD,310000,sold,,,https://bringatrailer.com/listing/2012-ferrari-458-spider-20/,
Ferrari,458,coupe,2013,ZFF67NHB000192181,Collecting Cars,Collecting Cars via Classic.com,2026-07-13,sold,150000,USD,150000,sold,,,https://www.classic.com/veh/2013-ferrari-458-italia-zff67nhb000192181-4MaPrK4/,rounded mileage displayed: 19k km (12k mi)
Ferrari,488,spider,2019,ZFF80AMTXJ0229074,Collecting Cars,Collecting Cars via Classic.com,2026-07-10,sold,150000,EUR,,sold,,,https://www.classic.com/veh/2019-ferrari-488-spider-zff80amtxj0229074-nOEgm5p/,native EUR 150000; price_usd blank (no FX invented); rounded mileage displayed: 82k km (51k mi) TMU
McLaren,765LT,coupe,2021,SBM14RCC4MW765371,RM Sotheby's,RM Sotheby's via Classic.com,2026-07-08,sold,410000,GBP,,sold,,,https://www.classic.com/veh/2021-mclaren-765lt-sbm14rcc4mw765371-WNvRb6W/,native GBP 410000; price_usd blank (no FX invented); unparsed mileage 'TMU'
Ford,GT,coupe,2005,1FAFP90S55Y401070,RM Sotheby's,RM Sotheby's via Classic.com,2026-07-08,sold,398750,GBP,,sold,,,https://www.classic.com/veh/2005-ford-gt-1fafp90s55y401070-n85yqLW/,native GBP 398750; price_usd blank (no FX invented); rounded mileage displayed: 11k mi
Ferrari,488,spider,2018,ZFF80AMAXJ0232605,Bring a Trailer,Bring a Trailer,2026-07-07,sold,475000,USD,475000,sold,,,https://bringatrailer.com/listing/2018-ferrari-488-spider-46/,rounded mileage in title: 8k-Mile
Ferrari,458,coupe,2015,ZFF75VHB000208661,RM Sotheby's,RM Sotheby's via Classic.com,2026-07-04,sold,680000,EUR,,sold,,227,https://www.classic.com/veh/2015-ferrari-458-speciale-zff75vhb000208661-nK6yod4/,native EUR 680000; price_usd blank (no FX invented)
Ferrari,458,coupe,2014,ZFF75VHB000204304,Collecting Cars,Collecting Cars via Classic.com,2026-07-02,sold,512500,EUR,,sold,,,https://www.classic.com/veh/2014-ferrari-458-speciale-zff75vhb000204304-WqOZ0X4/,native EUR 512500; price_usd blank (no FX invented); rounded mileage displayed: 14k km (9k mi) TMU
Ferrari,F8,coupe,2021,ZFF92LLA9M0263313,Bring a Trailer,Bring a Trailer,2026-07-01,sold,405000,USD,405000,sold,,920,https://bringatrailer.com/listing/2021-ferrari-f8-tributo-18/,
Ferrari,458,coupe,2015,ZFF75VHT3F0204832,Collecting Cars,Collecting Cars via Classic.com,2026-06-30,sold,343000,GBP,,sold,,,https://www.classic.com/veh/2015-ferrari-458-speciale-zff75vht3f0204832-nmX77D4/,native GBP 343000; price_usd blank (no FX invented); rounded mileage displayed: 18k mi
Ferrari,458,spider,2013,ZFF68NHT9D0191858,Collecting Cars,Collecting Cars via Classic.com,2026-06-29,sold,143000,USD,143000,sold,,,https://www.classic.com/veh/2013-ferrari-458-spider-zff68nht9d0191858-4AvrB9n/,rounded mileage displayed: 66k km (41k mi)
Ford,GT,coupe,2006,1FAFP90SX6Y402006,Bring a Trailer,Bring a Trailer,2026-06-24,sold,793500,USD,793500,sold,,,https://bringatrailer.com/listing/2006-ford-gt-heritage-edition-46/,
Ferrari,458,coupe,2011,ZFF67NFA1B0180581,Bring a Trailer,Bring a Trailer,2026-06-24,sold,293000,USD,293000,sold,,,https://bringatrailer.com/listing/2011-ferrari-458-italia-52/,rounded mileage in title: 23k-Mile
Ferrari,458,spider,2014,ZFF68NHA7E0202436,Bring a Trailer,Bring a Trailer,2026-06-22,sold,342000,USD,342000,sold,,,https://bringatrailer.com/listing/2014-ferrari-458-spider-33/,
Ferrari,488,coupe,2016,ZFF79ALA0G0217395,Cars & Bids,Cars & Bids via Classic.com,2026-06-18,sold,162300,USD,162300,sold,,,https://www.classic.com/veh/2016-ferrari-488-gtb-zff79ala0g0217395-nXeKx5W/,rounded mileage displayed: 8k mi
Ferrari,488,coupe,2018,ZFF79AMC000233565,Collecting Cars,Collecting Cars via Classic.com,2026-06-16,sold,152500,GBP,,sold,,,https://www.classic.com/veh/2018-ferrari-488-gtb-zff79amc000233565-nBJboRn/,native GBP 152500; price_usd blank (no FX invented); rounded mileage displayed: 12k mi
McLaren,675LT,spider,2017,SBM11SAB8GW675705,Collecting Cars,Collecting Cars via Classic.com,2026-06-12,sold,270000,EUR,,sold,,,https://www.classic.com/veh/2017-mclaren-675lt-spider-sbm11sab8gw675705-4aLaZLp/,native EUR 270000; price_usd blank (no FX invented); rounded mileage displayed: 9k km (6k mi)
McLaren,675LT,coupe,2016,,Collecting Cars,Collecting Cars via Classic.com,2026-06-11,sold,182000,USD,182000,sold,,,https://www.classic.com/veh/2016-mclaren-675-lt-nwOexYn/,rounded mileage displayed: 6k km (3k mi)
Ford,GT,coupe,2006,1FAFP90S66Y400771,Bring a Trailer,Bring a Trailer,2026-06-11,sold,530000,USD,530000,sold,,,https://bringatrailer.com/listing/2006-ford-gt-211/,rounded mileage in title: 11k-Mile
Ferrari,458,coupe,2015,ZFF75VFA8F0205055,Bring a Trailer,Bring a Trailer,2026-06-11,sold,1129000,USD,1129000,sold,,4100,https://bringatrailer.com/listing/2015-ferrari-458-speciale-36/,
Ferrari,458,spider,2012,ZFF68NHCC00019280,Collecting Cars,Collecting Cars via Classic.com,2026-06-10,sold,174000,GBP,,sold,,,https://www.classic.com/veh/2012-ferrari-458-spider-zff68nhcc000192803-nOJbRv4/,native GBP 174000; price_usd blank (no FX invented); rounded mileage displayed: 22k mi
