snapshot_date,model_family,body,model_year,asking_price_usd,mileage_miles,currency,location,seller_type,listing_title,listing_url,source,vin_or_stock,exterior_color,interior_color,notes
2026-09-15,SV,coupe,2017,499900,9987,USD,"Superveloce Exotic World Motor Cars Dallas, TX, USA",dealer,2017 Lamborghini Aventador LP750-4 Superveloce,https://www.cars.com/vehicledetail/0ed455e8-f7ca-47c4-98a6-49525947499e/,Cars.com,ZHWUG4ZD5HLA05936,yellow,,Cars.com search results; exact miles from Cars.com JSON: 9987; seller:Exotic World Motor Cars; stock:Used; exterior color: yellow
2026-09-15,SV,coupe,2016,644989,,USD,"Tampa, Florida, USA",dealer,2016 Lamborghini Aventador LP750-4 SV,https://www.classic.com/veh/2016-lamborghini-aventador-lp750-4-sv-zhwuf3zd4gla-pGXxqb4/,Classic.com,,,,Classic.com asterisk asking; 27k mi displayed; mileage blank (rounded Nk mi); seller:Tampa Auto Gallery
2026-09-15,SV,coupe,2016,672493,31558,USD,"Miami, FL",dealer,2016 Lamborghini Aventador,https://www.cargurus.com/details/456252495,CarGurus,ZHWUF3ZD3GLA04375,Rosso Bia,Nero Ade,Stock # A04375; trim: LP 750-4 SV Coupe AWD; exterior color: Rosso Bia; interior color: Nero Ade
2026-09-15,SV,coupe,2016,779990,,USD,"Fort Collins, Colorado, USA",dealer,2016 Lamborghini Aventador LP750-4 SV,https://www.classic.com/veh/2016-lamborghini-aventador-lp750-4-sv-zhwuf3zd4gla-p0QGBy4/,Classic.com,,,,Classic.com asterisk asking; 21k mi displayed; mileage blank (rounded Nk mi); seller:Auto Trends
2026-09-15,SV,coupe,2016,780489,21125,USD,"Fort Collins, CO",dealer,2016 Lamborghini Aventador,https://www.cargurus.com/details/458229557,CarGurus,ZHWUF3ZD4GLA04689,Red,Black,Stock # 2104C; trim: LP 750-4 SV Coupe AWD; exterior color: Red; interior color: Black
2026-09-15,SV,coupe,2016,829995,,USD,"Trenton, New Jersey, USA",dealer,2016 Lamborghini Aventador LP750-4 SV,https://www.classic.com/veh/2016-lamborghini-aventador-lp750-4-sv-zhwuf3zd0gla-nBkREEW/,Classic.com,,,,Classic.com asterisk asking; 14k mi displayed; mileage blank (rounded Nk mi); seller:J&S AutoHaus Group
2026-09-15,SV,coupe,2016,829995,,USD,"Trenton, New Jersey, USA",dealer,2016 Lamborghini Aventador LP750-4 SV,https://www.classic.com/veh/2016-lamborghini-aventador-lp750-4-sv-zhwuf3zd6gla-pgzv6vW/,Classic.com,,,,Classic.com asterisk asking; 14k mi displayed; mileage blank (rounded Nk mi); seller:J&S AutoHaus Group
2026-09-15,SV,coupe,2016,830790,14563,USD,"Ewing, NJ, USA",dealer,2016 Lamborghini Aventador LP750-4 Superveloce,https://www.cars.com/vehicledetail/0f764d2f-9958-4867-95ce-c7283aa28f00/,Cars.com,ZHWUF3ZD6GLA04872,white,Nero Ade,Cars.com search results; exact miles from Cars.com JSON: 14563; seller:J & S Autohaus; stock:Used; exterior color: white
2026-09-15,SV,coupe,2016,830790,14100,USD,"Ewing, NJ, USA",dealer,2016 Lamborghini Aventador LP750-4 Superveloce,https://www.cars.com/vehicledetail/a6985f7e-b933-4403-a273-56206b193df0/,Cars.com,ZHWUF3ZD0GLA04544,yellow,Nero Ade,Cars.com search results; exact miles from Cars.com JSON: 14100; seller:J & S Autohaus; stock:Used; exterior color: yellow
2026-09-15,SV,coupe,2016,849989,12596,USD,"Johnson Creek, WI, USA",dealer,2016 Lamborghini Aventador LP750-4 Superveloce,https://www.cars.com/vehicledetail/48942d8d-f65b-4149-97ef-aa8b7989c693/,Cars.com,ZHWUF3ZD7GLA04301,green,Nero Cosmus,Cars.com search results; exact miles from Cars.com JSON: 12596; seller:Kearns Motor Car Co.; stock:Used; exterior color: green; also listed on CarGurus @ $850478
2026-09-15,SV,coupe,2016,849989,8896,USD,"Johnson Creek, WI, USA",dealer,2016 Lamborghini Aventador LP750-4 Superveloce,https://www.cars.com/vehicledetail/49d7d943-b067-4e4f-b317-d83aaf4efb45/,Cars.com,ZHWCF3ZD5GLA04485,Grigio Antares Metallic (Blu Glauco Wrap),Nero Cosmus,Cars.com search results; exact miles from Cars.com JSON: 8896; seller:Kearns Motor Car Co.; stock:Used; also listed on CarGurus @ $850478
2026-09-15,SV,coupe,2016,899600,,USD,"Carrollton, Texas, USA",dealer,2016 Lamborghini Aventador LP750-4 SV,https://www.classic.com/veh/2016-lamborghini-aventador-lp750-4-sv-zhwuf3zd9gla-4oXqMJn/,Classic.com,,,,Classic.com asterisk asking; 8k mi displayed; mileage blank (rounded Nk mi); seller:Earth MotorCars
2026-09-15,SV,coupe,2016,899825,8501,USD,"Carrollton, TX, USA",dealer,2016 Lamborghini Aventador LP750-4 Superveloce,https://www.cars.com/vehicledetail/0a27bc59-04a4-48b1-a011-8d94d05ec993/,Cars.com,ZHWUF3ZD9GLA04493,green,Gray,Cars.com search results; exact miles from Cars.com JSON: 8501; seller:Earth MotorCars / Lotus of Dallas; stock:Used; exterior color: green
2026-09-15,SV,coupe,2016,899995,21545,USD,"Tampa, FL",dealer,2016 Lamborghini Aventador,https://www.cargurus.com/details/435112019,CarGurus,ZHWUT3ZD2GLA05025,Green,Black,Stock # A05025; trim: LP 750-4 SV Coupe AWD; exterior color: Green; interior color: Black
2026-09-15,SV,coupe,2017,950353,5064,USD,"Joliet, IL",dealer,2017 Lamborghini Aventador,https://www.cargurus.com/details/457981693,CarGurus,ZHWUF3ZD7HLA05370,Giallo Orion Pearl,Nero Ade,Stock # 10884; trim: LP 750-4 SV; exterior color: Giallo Orion Pearl; interior color: Nero Ade
2026-09-15,SV,coupe,2017,997190,,USD,"Ashburn, Virginia, USA",dealer,2017 Lamborghini Aventador LP750-4 SV,https://www.classic.com/veh/2017-lamborghini-aventador-lp750-4-sv-zhwcf3zd8hla-nBkDOZW/,Classic.com,,,,Classic.com asterisk asking; 14k mi displayed; mileage blank (rounded Nk mi); seller:Exclusive Automotive Group
2026-09-15,SV,coupe,2017,997190,14314,USD,"Superveloce Exclusive Automotive Group Ashburn, VA, USA",dealer,2017 Lamborghini Aventador LP750-4 Superveloce,https://www.cars.com/vehicledetail/266d4835-0f4c-4ef6-ab0a-40c6343e0035/,Cars.com,ZHWCF3ZD8HLA06197,blue,Nero Cosmus (Black),Cars.com search results; exact miles from Cars.com JSON: 14314; seller:Exclusive Automotive Group; stock:Used; exterior color: blue; also listed on CarGurus @ $998185
2026-09-15,SV,coupe,2016,1048970,998,USD,"Murrieta, California, USA",dealer,2016 Lamborghini Aventador LP750-4 SV,https://www.classic.com/veh/2016-lamborghini-aventador-lp750-4-sv-zhwuf3zd9gla-pPxqbop/,Classic.com,,,,Classic.com asterisk asking; exact miles displayed: 998 mi; seller:West Coast Exotic Cars
2026-09-15,SV,coupe,2016,1049055,1001,USD,"Superveloce West Coast Exotic Cars Murrieta, CA, USA",dealer,2016 Lamborghini Aventador LP750-4 Superveloce,https://www.cars.com/vehicledetail/d5ca189f-b43f-48de-9940-53696aae5786/,Cars.com,ZHWUF3ZD9GLA04350,Giallo Orion Pearl,Black,Cars.com search results; exact miles from Cars.com JSON: 1001; seller:West Coast Exotic Cars; stock:Used
2026-09-15,SV,coupe,2016,1050700,,USD,"Rock Hill, South Carolina, USA",dealer,2016 Lamborghini Aventador LP750-4 SV,https://www.classic.com/veh/2016-lamborghini-aventador-lp750-4-sv-zhwut3zd1gla-pgwDLop/,Classic.com,,,,Classic.com asterisk asking; 12k mi displayed; mileage blank (rounded Nk mi); seller:Chicago Motor Cars
2026-09-15,SV,spider,2016,799996,,USD,"Charlotte, North Carolina, USA",dealer,2016 Lamborghini Aventador LP750-4 SV,https://www.classic.com/veh/2016-lamborghini-aventador-lp750-4-sv-zhwut3zd0gla-4rLZ6NW/,Classic.com,,,,Classic.com asterisk asking; 32k mi displayed; mileage blank (rounded Nk mi); seller:McLaren Charlotte
2026-09-15,SV,spider,2017,800353,22760,USD,"Joliet, IL",dealer,2017 Lamborghini Aventador,https://www.cargurus.com/details/458048556,CarGurus,ZHWUT3ZD1HLA05437,Bianco Isis,Nero Ade,Stock # 10841; trim: LP 750-4 SV; exterior color: Bianco Isis; interior color: Nero Ade
2026-09-15,SV,spider,2016,803076,32607,USD,"Superveloce McLaren Charlotte Charlotte, NC, USA",dealer,2016 Lamborghini Aventador LP750-4 Superveloce,https://www.cars.com/vehicledetail/2ddcac72-e8fd-484e-8213-814b8cfef06d/,Cars.com,ZHWUT3ZD0GLA05119,white,Black,Cars.com search results; exact miles from Cars.com JSON: 32607; seller:McLaren Charlotte; stock:Used; exterior color: white
2026-09-15,SV,spider,2016,1000075,19396,USD,"Rancho Mirage, CA, USA",dealer,2016 Lamborghini Aventador LP750-4 Superveloce,https://www.cars.com/vehicledetail/d71a627a-0c43-4e05-bd59-e95ae92c53b2/,Cars.com,ZHWUT3ZDXGLA05256,,,Cars.com search results; exact miles from Cars.com JSON: 19396; seller:Desert European Motorcars; stock:Used
2026-09-15,SV,spider,2016,1050700,12621,USD,"Rock Hill, SC, USA",dealer,2016 Lamborghini Aventador LP750-4 Superveloce,https://www.cars.com/vehicledetail/3dc5d353-5273-414b-9014-3ed08775cd0b/,Cars.com,ZHWUT3ZD1GLA04903,yellow,,Cars.com search results; exact miles from Cars.com JSON: 12621; seller:Chicago Motor Cars South Carolina; stock:Used; exterior color: yellow
2026-09-15,SV,spider,2016,1099989,8376,USD,"Johnson Creek, WI, USA",dealer,2016 Lamborghini Aventador LP750-4 Superveloce,https://www.cars.com/vehicledetail/8d447395-7d11-4171-89b4-c5db29735211/,Cars.com,ZHWUT3ZD2GLA04795,Giallo Horus,Nero Cosmus,Cars.com search results; exact miles from Cars.com JSON: 8376; seller:Kearns Motor Car Co.; stock:Used; also listed on CarGurus @ $1100478
2026-09-15,SV,spider,2016,1199989,4924,USD,"Johnson Creek, WI, USA",dealer,2016 Lamborghini Aventador LP750-4 Superveloce,https://www.cars.com/vehicledetail/94a56859-b20b-4a57-aa90-fc97fed9fcb3/,Cars.com,ZHWUT3ZD1GLA05193,white,Nero Cosmus,Cars.com search results; exact miles from Cars.com JSON: 4924; seller:Kearns Motor Car Co.; stock:Used; exterior color: white; also listed on CarGurus @ $1200478
2026-09-15,SV,spider,2017,1499989,930,USD,"Johnson Creek, WI, USA",dealer,2017 Lamborghini Aventador LP750-4 Superveloce,https://www.cars.com/vehicledetail/e1de2118-fc38-4603-983d-0034fc034805/,Cars.com,ZHWUT3ZD9HLA05329,black,Nero Ade,Cars.com search results; exact miles from Cars.com JSON: 930; seller:Kearns Motor Car Co.; stock:Used; exterior color: black; also listed on CarGurus @ $1500478
2026-09-15,SVJ,coupe,2019,930353,20528,USD,"Joliet, IL",dealer,2019 Lamborghini Aventador,https://www.cargurus.com/details/451333733,CarGurus,ZHWUM6ZD0KLA08111,Grigio Telesto Pearl,NERO COSMUS,Stock # 10601; trim: LP 770-4 SVJ Coupe AWD; exterior color: Grigio Telesto Pearl; interior color: NERO COSMUS
2026-09-15,SVJ,coupe,2019,999700,,USD,"Rock Hill, South Carolina, USA",dealer,2019 Lamborghini Aventador LP770-4 SVJ,https://www.classic.com/veh/2019-lamborghini-aventador-lp770-4-svj-zhwum6zd5kl-4D3eJxp/,Classic.com,,,,Classic.com asterisk asking; 4k mi displayed; mileage blank (rounded Nk mi); seller:Chicago Motor Cars
2026-09-15,SVJ,coupe,2019,1100700,,USD,"Rock Hill, South Carolina, USA",dealer,2019 Lamborghini Aventador LP770-4 SVJ,https://www.classic.com/veh/2019-lamborghini-aventador-lp770-4-svj-zhwum6zd6kl-nQZqxZW/,Classic.com,,,,Classic.com asterisk asking; 9k mi displayed; mileage blank (rounded Nk mi); seller:Chicago Motor Cars
2026-09-15,SVJ,coupe,2020,1187581,7316,USD,"Tampa, FL",dealer,2020 Lamborghini Aventador,https://www.cargurus.com/details/454516748,CarGurus,ZHWUM6ZD1LLA09320,,,Stock # A09320; trim: LP 770-4 SVJ Coupe AWD
2026-09-15,SVJ,coupe,2020,1199996,,USD,"Charlotte, North Carolina, USA",dealer,2020 Lamborghini Aventador LP770-4 SVJ,https://www.classic.com/veh/2020-lamborghini-aventador-lp770-4-svj-zhwum6zd2ll-pE16bJp/,Classic.com,,,,Classic.com asterisk asking; 8k mi displayed; mileage blank (rounded Nk mi); seller:McLaren Charlotte
2026-09-15,SVJ,coupe,2019,1200494,13987,USD,"Saint Louis, MO",dealer,2019 Lamborghini Aventador,https://www.cargurus.com/details/453202204,CarGurus,ZHWUM6ZD5KLA08542,Blue,Black,Stock # RP 8527; trim: LP 770-4 SVJ Coupe AWD; exterior color: Blue; interior color: Black
2026-09-15,SVJ,coupe,2021,1201190,,USD,"Ashburn, Virginia, USA",dealer,2021 Lamborghini Aventador LP770-4 SVJ,https://www.classic.com/veh/2021-lamborghini-aventador-lp770-4-svj-zhwum6zd4ml-pEaBrPp/,Classic.com,,,,Classic.com asterisk asking; 16k mi displayed; mileage blank (rounded Nk mi); seller:Exclusive Automotive Group
2026-09-15,SVJ,coupe,2021,1202185,16798,USD,"Ashburn, VA",dealer,2021 Lamborghini Aventador,https://www.cargurus.com/details/453251385,CarGurus,ZHWUM6ZD4MLA10608,Satin Rosso Mars,Nero Cosmus with Rosso Alala,Stock # CA10608; trim: LP 770-4 SVJ Coupe AWD; exterior color: Satin Rosso Mars; interior color: Nero Cosmus with Rosso Alala
2026-09-15,SVJ,coupe,2020,1202196,12859,USD,"Pompano Beach, FL",dealer,2020 Lamborghini Aventador,https://www.cargurus.com/details/458436954,CarGurus,ZHWUN6ZD8LLA09103,,,Stock # 913668; trim: LP 770-4 SVJ Coupe AWD
2026-09-15,SVJ,coupe,2020,1203076,7981,USD,"Charlotte, NC",dealer,2020 Lamborghini Aventador,https://www.cargurus.com/details/451429377,CarGurus,ZHWUM6ZD2LLA09133,Gray,Black,Stock # LLA09133; trim: LP 770-4 SVJ Coupe AWD; exterior color: Gray; interior color: Black
2026-09-15,SVJ,coupe,2020,1340899,,USD,"Scottsdale, Arizona, USA",dealer,2020 Lamborghini Aventador LP770-4 SVJ,https://www.classic.com/veh/2020-lamborghini-aventador-lp770-4-svj-zhwum6zd6ll-pgJgkwW/,Classic.com,,,,Classic.com asterisk asking; 1k mi displayed; mileage blank (rounded Nk mi); seller:Luxury Auto Collection
2026-09-15,SVJ,coupe,2019,1383672,7405,USD,"Naples, FL",dealer,2019 Lamborghini Aventador,https://www.cargurus.com/details/455548111,CarGurus,ZHWUM6ZD6KLA08596,Green (Verde Mantis Pearl),Nero Cosmus,Stock # PKLA08596C; trim: LP 770-4 SVJ Coupe AWD; exterior color: Green (Verde Mantis Pearl); interior color: Nero Cosmus
2026-09-15,SVJ,coupe,2021,1395000,8147,USD,"Newton, MA",dealer,2021 Lamborghini Aventador,https://www.cargurus.com/details/456047686,CarGurus,ZHWUN6ZD5MLA10131,Green,Black Leather,Stock # 506; trim: LP 770-4 SVJ Coupe AWD; exterior color: Green; interior color: Black Leather
2026-09-15,SVJ,coupe,2020,1400478,10668,USD,"Johnson Creek, WI",dealer,2020 Lamborghini Aventador,https://www.cargurus.com/details/458912224,CarGurus,ZHWUN6ZD1LLA09380,Viola Pasifae Pearl,Green (Nero Cosmus/Verde Fauns),Stock # K10393; trim: LP 770-4 SVJ Coupe AWD; exterior color: Viola Pasifae Pearl; interior color: Green (Nero Cosmus/Verde Fauns)
2026-09-15,SVJ,coupe,2020,1499990,,USD,"Anne Arundel County, Maryland, USA",dealer,2020 Lamborghini Aventador LP770-4 SVJ,https://www.classic.com/veh/2020-lamborghini-aventador-lp770-4-svj-zhwum6zd1ll-4rmZkEp/,Classic.com,,,,Classic.com asterisk asking; 3k mi displayed; mileage blank (rounded Nk mi); seller:Marshall Goldman Maryland
2026-09-15,SVJ,coupe,2020,1500790,3158,USD,"Jessup, MD",dealer,2020 Lamborghini Aventador,https://www.cargurus.com/details/456146927,CarGurus,ZHWUM6ZD1LLA09883,Blu Seiler,Nero Cosmus with Arancio Dryope,Stock # M09883; trim: LP 770-4 SVJ Coupe AWD; exterior color: Blu Seiler; interior color: Nero Cosmus with Arancio Dryope
2026-09-15,SVJ,coupe,2020,1550997,3465,USD,"Boca Raton, FL",dealer,2020 Lamborghini Aventador,https://www.cargurus.com/details/447439849,CarGurus,ZHWUN6ZD1LLA09461,Bianco Phanes Matt Finish,Nero Cosmus with Bianco Polar,Stock # A09461; trim: LP 770-4 SVJ Coupe AWD; exterior color: Bianco Phanes Matt Finish; interior color: Nero Cosmus with Bianco Polar
2026-09-15,SVJ,coupe,2020,1600088,4754,USD,"Bellevue, WA",dealer,2020 Lamborghini Aventador,https://www.cargurus.com/details/456762342,CarGurus,ZHWUM6ZD8LLA09489,Orange,Black,Stock # CS0016; trim: LP 770-4 SVJ Coupe AWD; exterior color: Orange; interior color: Black
2026-09-15,SVJ,coupe,2020,1600790,3912,USD,"Ewing, NJ",dealer,2020 Lamborghini Aventador,https://www.cargurus.com/details/458830572,CarGurus,ZHWUN6ZD2LLA09369,Gray,,Stock # STKA09369; trim: LP 770-4 SVJ Coupe AWD; exterior color: Gray
2026-09-15,SVJ,coupe,2021,1601023,4580,USD,"Las Vegas, NV",dealer,2021 Lamborghini Aventador,https://www.cargurus.com/details/453229773,CarGurus,ZHWUN6ZD0MLA10053,Bianco Isi,Nero Cosmus/Bianco Leda,Stock # VA10053; trim: LP 770-4 SVJ Coupe AWD; exterior color: Bianco Isi; interior color: Nero Cosmus/Bianco Leda
2026-09-15,SVJ,coupe,2021,1649825,8021,USD,"Carrollton, TX",dealer,2021 Lamborghini Aventador,https://www.cargurus.com/details/449340278,CarGurus,ZHWUN6ZD5MLA10114,,Gray,Stock # EXA10114; trim: LP 770-4 SVJ Coupe AWD; interior color: Gray
2026-09-15,SVJ,coupe,2021,1650140,4606,USD,"Houston, TX",dealer,2021 Lamborghini Aventador,https://www.cargurus.com/details/458826395,CarGurus,ZHWUN6ZD9MLA10343,Bianco Isi,Black,Stock # MLA10343; trim: LP 770-4 SVJ Coupe AWD; exterior color: Bianco Isi; interior color: Black
2026-09-15,SVJ,coupe,2020,1680170,6867,USD,"Tustin, CA",dealer,2020 Lamborghini Aventador,https://www.cargurus.com/details/456056039,CarGurus,ZHWUN6ZD8LLA09523,Black,Black,Stock # 10279; trim: LP 770-4 SVJ Coupe AWD; exterior color: Black; interior color: Black
2026-09-15,SVJ,coupe,2020,1699900,899,USD,"Boynton Beach, Florida, USA",dealer,2020 Lamborghini Aventador LP770-4 SVJ,https://www.classic.com/veh/2020-lamborghini-aventador-lp770-4-svj-zhwum6zd0ll-nwk6Djn/,Classic.com,,,,Classic.com asterisk asking; exact miles displayed: 899 mi; seller:iLusso Boynton Beach
2026-09-15,SVJ,coupe,2020,1849085,404,USD,"Irvine, CA",dealer,2020 Lamborghini Aventador,https://www.cargurus.com/details/455622188,CarGurus,ZHWUM6ZD2LLA09004,Grigio Titans Matt Finish,,Stock # 5683Z; trim: LP 770-4 SVJ Coupe AWD; exterior color: Grigio Titans Matt Finish
2026-09-15,SVJ,coupe,2021,2799996,,USD,"Charlotte, North Carolina, USA",dealer,2021 Lamborghini Aventador LP770-4 SVJ,https://www.classic.com/veh/2021-lamborghini-aventador-lp770-4-svj-zhwun6zd3ml-pe6K5l4/,Classic.com,,,,Classic.com asterisk asking; 5k mi displayed; mileage blank (rounded Nk mi); seller:McLaren Charlotte
2026-09-15,SVJ,coupe,2021,2803076,5790,USD,"Charlotte, NC",dealer,2021 Lamborghini Aventador,https://www.cargurus.com/details/456348364,CarGurus,ZHWUN6ZD3MLA10659,White,ORANGE / GREY,Stock # MLA10659; trim: LP 770-4 SVJ Coupe AWD; exterior color: White; interior color: ORANGE / GREY
2026-09-15,SVJ,spider,2020,1375000,,USD,"Boynton Beach, Florida, USA",dealer,2020 Lamborghini Aventador LP770-4 SVJ,https://www.classic.com/veh/2020-lamborghini-aventador-lp770-4-svj-zhwun6zd4ll-WLRD6x4/,Classic.com,,,,Classic.com asterisk asking; 9k mi displayed; mileage blank (rounded Nk mi); seller:iLusso Boynton Beach
2026-09-15,SVJ,spider,2021,1395000,,USD,"Newton, Massachusetts, USA",dealer,2021 Lamborghini Aventador LP770-4 SVJ,https://www.classic.com/veh/2021-lamborghini-aventador-lp770-4-svj-zhwun6zd5ml-pE19kep/,Classic.com,,,,Classic.com asterisk asking; 8k mi displayed; mileage blank (rounded Nk mi); seller:AVI Gallery
2026-09-15,SVJ,spider,2021,1400886,16989,USD,"Scottsdale, AZ",dealer,2021 Lamborghini Aventador,https://www.cargurus.com/details/453647629,CarGurus,ZHWUN6ZD3MLA10533,,,Stock # 05172; trim: LP 770-4 SVJ Roadster AWD
2026-09-15,SVJ,spider,2020,1530719,,USD,"Kelowna, CAN",dealer,2020 Lamborghini Aventador LP770-4 SVJ,https://www.classic.com/veh/2020-lamborghini-aventador-lp770-4-svj-zhwcn6zdxll-pErXYj4/,Classic.com,,,,Classic.com asterisk asking; unparsed mileage text '7k km (4k mi)'; left blank; seller:August Luxury Motorcars
2026-09-15,SVJ,spider,2020,1599995,,USD,"Trenton, New Jersey, USA",dealer,2020 Lamborghini Aventador LP770-4 SVJ,https://www.classic.com/veh/2020-lamborghini-aventador-lp770-4-svj-zhwun6zd2ll-WN7QGqp/,Classic.com,,,,Classic.com asterisk asking; 3k mi displayed; mileage blank (rounded Nk mi); seller:J&S AutoHaus Group
2026-09-15,SVJ,spider,2021,1649600,,USD,"Carrollton, Texas, USA",dealer,2021 Lamborghini Aventador LP770-4 SVJ,https://www.classic.com/veh/2021-lamborghini-aventador-lp770-4-svj-zhwun6zd5ml-4yDwMXp/,Classic.com,,,,Classic.com asterisk asking; 8k mi displayed; mileage blank (rounded Nk mi); seller:Earth MotorCars
2026-09-15,SVJ,spider,2020,1999000,,USD,"Boynton Beach, Florida, USA",dealer,2020 Lamborghini Aventador LP770-4 SVJ,https://www.classic.com/veh/2020-lamborghini-aventador-lp770-4-svj-zhwun6zd4ll-4oDoN1n/,Classic.com,,,,Classic.com asterisk asking; 3k mi displayed; mileage blank (rounded Nk mi); seller:iLusso Boynton Beach
2026-09-15,SVJ,spider,2021,3000000,,USD,"Westfield, Indiana, USA",dealer,2021 Lamborghini Aventador SVJ Roadster,https://www.classic.com/veh/2021-lamborghini-aventador-svj-roadster-zhwun6zd3m-4MO2BvW/,Classic.com,,,,Classic.com asterisk asking; 1k mi displayed; mileage blank (rounded Nk mi); seller:Unlimited Motors
